date,headline
2026-01-27,Bank of America resets Meta stock forecast before earnings
2026-01-27,Microsoft (MSFT) Slid Despite Delivering Strong Results and Value Growth
2026-01-27,Chart of the Day: Tech stock domination gets a reality check
2026-01-27,"Trending tickers: Apple, CoreWeave, ASML, Salesforce and Dr Martens"
2026-01-27,"Tech, Media & Telecom Roundup: Market Talk"
2026-01-27,Tesla’s Price Target Is Rising Even as Its Profit Outlook Tanks
2026-01-27,"Stocks gain tracking tech, Fed and trade"
2026-01-27,What S&P Earnings Would Be Without The Magnificent Seven
2026-01-27,Stocks and Gold Near Record Highs? Maybe It’s About Trust and Verify.
2026-01-27,"Tech earnings, gold & silver highs, gov't shutdown odds: 3 Things"
2026-01-27,Tech stocks are confronting a challenge they haven't had to worry about in a while
2026-01-27,"Stock market today: Dow, S&P 500, Nasdaq rise to kick off key week with Big Tech earnings, Fed decision"
2026-01-27,"Stock market today: S&P 500, Nasdaq futures rise as tech leads, UnitedHealth weighs on Dow amid earnings flood"
2026-01-27,"2026 Is Showing Retirees That A $3,000 Monthly Pension Changes Investment Strategy"
2026-01-27,"Fact: Working Two More Years Could Add $200,000 to A 68-Year-Old’s Retirement"
2026-01-27,This ETF Outperformed the S&P 500 3-To-1 Last Year. Here’s Why I Expect a Repeat in 2026
2026-01-27,What Geopolitics? Earnings Growth to Drive Wall Street ETFs
2026-01-27,Silver Is Putting Gold To Shame
2026-01-27,4 Country ETFs Hovering Around a 52-Week High
2026-01-27,China’s Stranglehold on Critical Minerals Creates Massive Opportunity in These 5 Stocks
2026-01-27,Buy These 3 ETFs and Hold For Decades
2026-01-27,Why Investors Are Turning to Autocallable ETFs for Higher Income
2026-01-27,LA woman spent $50K building a company that sold for $22M only to buy it back. What aspiring entrepreneurs should know
2026-01-27,"U.S. AI-Related Stocks Gain Premarket, Following Bullish Asia Session"
